full_name,username,email,phone
Lenee Galgey,lgalgey0,lgalgey0@bloglines.com,964-844-5268
Benita Watsam,bwatsam1,bwatsam1@ucsd.edu,845-818-6469
Iorgos Birden,ibirden2,ibirden2@china.com.cn,512-996-3751
Somerset Bendley,sbendley3,sbendley3@devhub.com,937-901-0176
Tamiko Bowie,tbowie4,tbowie4@sourceforge.net,438-251-8074
Lanette Hurdidge,lhurdidge5,lhurdidge5@360.cn,569-147-4181
Austine Lurner,alurner6,alurner6@nydailynews.com,527-904-3068
Konstanze Egalton,kegalton7,kegalton7@japanpost.jp,509-351-9066
Lenka Hurd,lhurd8,lhurd8@ft.com,753-661-2382
Daphna Grannell,dgrannell9,dgrannell9@nsw.gov.au,843-498-0090
Kimble Drezzer,kdrezzera,kdrezzera@springer.com,304-208-5218
Ilise Dudny,idudnyb,idudnyb@weather.com,543-900-9976
Nathanial Leneham,nlenehamc,nlenehamc@google.com.au,608-873-0478
Mack Comettoi,mcomettoid,mcomettoid@newsvine.com,286-231-8092
Madalena Waterworth,mwaterworthe,mwaterworthe@toplist.cz,562-406-4233
Rochester O'Duilleain,roduilleainf,roduilleainf@answers.com,156-496-9257
Foss Strangeway,fstrangewayg,fstrangewayg@utexas.edu,920-275-0124
Gabriel Berard,gberardh,gberardh@domainmarket.com,180-272-4434
Dexter Wynett,dwynetti,dwynetti@theglobeandmail.com,686-598-0540
Alyss Shafe,ashafej,ashafej@t-online.de,237-201-0066
Quincy Greening,qgreeningk,qgreeningk@hubpages.com,325-254-3527
Lowrance Etteridge,letteridgel,letteridgel@indiatimes.com,564-169-1332
Yale Purchall,ypurchallm,ypurchallm@github.io,616-556-8236
Archibold Wreford,awrefordn,awrefordn@fema.gov,917-467-4127
Roberta Ginnane,rginnaneo,rginnaneo@umn.edu,178-712-8856
Laraine Fiveash,lfiveashp,lfiveashp@mediafire.com,462-459-6052
Eva Tynewell,etynewellq,etynewellq@g.co,985-324-1766
Una Agnew,uagnewr,uagnewr@google.it,663-868-1641
Frazier Millmoe,fmillmoes,fmillmoes@blogs.com,946-742-3046
Robbie Sanday,rsandayt,rsandayt@themeforest.net,991-562-2325
Evelyn Orrow,eorrowu,eorrowu@accuweather.com,665-861-5538
Ogden Kegan,okeganv,okeganv@squarespace.com,108-307-5605
Hewett Tansey,htanseyw,htanseyw@loc.gov,897-925-4405
Mikol Brassington,mbrassingtonx,mbrassingtonx@com.com,923-834-6148
Fernando Heffernon,fheffernony,fheffernony@feedburner.com,739-240-4708
Morly Ruzicka,mruzickaz,mruzickaz@springer.com,991-991-0667
Ruggiero Ianson,rianson10,rianson10@wikia.com,196-186-1549
Derwin Geertsen,dgeertsen11,dgeertsen11@dagondesign.com,546-430-4253
Janaya Abbyss,jabbyss12,jabbyss12@state.tx.us,913-337-6650
Clarie Jenman,cjenman13,cjenman13@elegantthemes.com,171-384-8038
Rachael McSkeagan,rmcskeagan14,rmcskeagan14@dion.ne.jp,360-134-9272
Junina Comelli,jcomelli15,jcomelli15@blog.com,156-356-7909
Vick Stratton,vstratton16,vstratton16@mashable.com,243-343-7108
Chris Flips,cflips17,cflips17@paypal.com,542-243-1611
Gwenore Duval,gduval18,gduval18@paypal.com,511-856-6172
Nicole Rama,nrama19,nrama19@nasa.gov,572-268-8746
Shepherd Yakovitch,syakovitch1a,syakovitch1a@unblog.fr,562-832-3627
Garner McGrann,gmcgrann1b,gmcgrann1b@prnewswire.com,888-705-4146
Eberto Dun,edun1c,edun1c@technorati.com,631-161-9017
Karyn Aspin,kaspin1d,kaspin1d@mayoclinic.com,513-669-3917
